Word,Frequency
#foodporn,15
#foodie,11
#food,10
#recipe,9
#instadaily,9
#dilsefoodie,9
#foodzaara,9
#delhi,9
#streetfood,8
#instagood,8
#pune,8
#mumbaikar,8
#mumbai,7
#kolkata,7
#indiancuisine,6
#traveling,6
#mumbaidiaries,6
#zingyzest,6
#streetstyle,5
#indian,5
#HendricksMidsummer,5
#latepost,5
#explore,5
#nomnom,5
#instamood,5
#CookItMyWay,4
#sanjyotkeer,4
#paneer,4
#instafood,4
#india,4
#awesome,4
#delhigram,4
#delhidiaries,4
#quarantine,4
#lifestyle,4
#loveislove,4
#recipes,3
#recipeoftheday,3
#comfortfood,3
#foodstagram,3
#diwali,3
#dessert,3
#foodblogger,3
#homemade,3
#cheese,3
#HendricksGin,3
#best,3
#positivevibes,3
#omg,3
#mood,3
#chennai,3
#wow,3
#video,3
#maharashtra,3
#delhifood,3
#photooftheday,3
#MorphyRichards,2
#idli,2
#southindianfood,2
#southindian,2
#masala,2
#mumbaistreetfood,2
#rajma,2
#foodphotography,2
#instagram,2
#festive,2
#sweet,2
#diwalirecipes,2
#festiverecipes,2
#foodholic,2
#sweettooth,2
#foodrush,2
#MakingEverydayHealthy,2
#foodrushrecipe,2
#fried,2
#bread,2
#garlic,2
#iforiodine,2
#bestoftheday,2
#dinner,2
#colourful,2
#colour,2
#rajasthan,2
#london,2
#punekar,2
#explorepage,2
#favourite,2
#usa,2
#traveldiaries,2
#brunch,2
#pictureoftheday,2
#sodelhi,2
#delhifoodbloggers,2
#mumbaifoodie,2
#kolkatadiaries,2
#blog,2
#idlilove,1
#foodies,1
#fooddaily,1
#yourfoodtographer,1
#bhindimasala,1
#palak,1
#easyrecipes,1
#palakpaneer,1
#paneerrecipes,1
#foodpics,1
#cinematography,1
#anda,1
#southdelhi,1
#gk1,1
#delhitovrindavan,1
#Onedaytrip,1
#MadhurSugar,1
#MadhurMithaas,1
#MadhurDiwali,1
#DiwaliUtsav,1
#LooseNahiMadhurSahi,1
#Diwali,1
#Sweets,1
#DiwaliSweets,1
#5SGuarantee,1
#Kalakand,1
#mithai,1
#barfi,1
#instantkalakand,1
#kalakand,1
#californiawalnuts,1
#CaliforniaWalnuts,1
#californiawalnutsindia,1
#walnuts,1
#akhrot,1
#foodpassion,1
#foodlove,1
#foodinsta,1
#foodstyle,1
#foodpost,1
#foodpostdaily,1
#foodielife,1
#foodposts,1
#foodstylist,1
#indianrecipes,1
#healthyrecipes,1
#veegies,1
#vegrecipes,1
#resturantstylerecipes,1
#bigbasket,1
#rosepalkhozhukattai,1
#rosekhozhukattai,1
#khozhukattai,1
#recipevideos,1
#sweetdish,1
#dessertrecipes,1
#dessertfirst,1
#dessertlife,1
#desserttable,1
#popcorn,1
#cauliflower,1
#crispy,1
#party,1
#gamenight,1
#chocolate,1
#roll,1
#chocolicious,1
#cocoa,1
#cinnamon,1
#bun,1
#potato,1
#ring,1
#potatoring,1
#appetizer,1
#snacks,1
#turkish,1
#turkishfood,1
#cheesy,1
#mini,1
#makhana,1
#makhanakheer,1
#khana,1
#vrat,1
#milk,1
#indianfood,1
#navratri,1
#stuffed,1
#aashirvaad,1
#instant,1
#suji,1
#widd2020,1
#GiveawayAlert,1
#IgotGinspired,1
#dinnertime,1
#gurgaon,1
#northindian,1
#cravings,1
#dosa,1
#evening,1
#videos,1
#besoftheday,1
#coffee,1
#coldcoffee,1
#shake,1
#savage,1
#drink,1
#amazing,1
#videooftheday,1
#reels,1
#reel,1
#noida,1
#samosa,1
#chole,1
#picture,1
#festival,1
#punjab,1
#noodles,1
#manchurian,1
#honeychillipotato,1
#delhistreetfood,1
#punefoodie,1
#kerala,1
#chinese,1
#momos,1
#tandoori,1
#momo,1
#creamy,1
#tastyfood,1
#vegetarian,1
#lifestyleblog,1
#photograph,1
#pavbhaji,1
#street,1
#streetphotography,1
#sunday,1
#lunch,1
#delhibloggers,1
#love,1
#cake,1
#flowers,1
#yummy,1
#celebration,1
#influencer,1
#150k,1
#followers,1
#thankyou,1
#delhiblogger,1
#photographylovers,1
#want,1
#garlicbread,1
